{
    "prcp": {
        "prcp == 0; | ": {
            "prcp == 0; | ": 0.9744560075685903,
            "0 < prcp <= 5; | ": 0.015137180700094607,
            "10 < prcp; | ": 0.005676442762535478,
            "5 < prcp <= 10; | ": 0.004730368968779565
        },
        "0 < prcp <= 5; | ": {
            "prcp == 0; | ": 0.7692307692307693,
            "0 < prcp <= 5; | ": 0.19230769230769232,
            "10 < prcp; | ": 0.038461538461538464
        },
        "10 < prcp; | ": {
            "prcp == 0; | ": 0.3333333333333333,
            "0 < prcp <= 5; | ": 0.3333333333333333,
            "10 < prcp; | ": 0.3333333333333333
        },
        "5 < prcp <= 10; | ": {
            "prcp == 0; | ": 0.6666666666666666,
            "10 < prcp; | ": 0.3333333333333333
        }
    },

    "tavg": {
        "tavg <= 18; | ": {
            "tavg <= 18; | ": 0.9198250728862973,
            "18 < tavg <= 25; | ": 0.08017492711370262
        },
        "18 < tavg <= 25; | ": {
            "tavg <= 18; | ": 0.15503875968992248,
            "18 < tavg <= 25; | ": 0.8036175710594315,
            "25 < tavg; | ": 0.041343669250646
        },
        "25 < tavg; | ": {
            "18 < tavg <= 25; | ": 0.5454545454545454,
            "25 < tavg; | ": 0.45454545454545453
        }
    },

    "tmax": {
        "18 < tmax <= 25; | ": {
            "tmax <= 18; | ": 0.12655601659751037,
            "18 < tmax <= 25; | ": 0.6846473029045643,
            "25 < tmax; | ": 0.1887966804979253
        },
        "tmax <= 18; | ": {
            "tmax <= 18; | ": 0.7457044673539519,
            "18 < tmax <= 25; | ": 0.2542955326460481
        },
        "25 < tmax; | ": {
            "18 < tmax <= 25; | ": 0.2670807453416149,
            "25 < tmax; | ": 0.7267080745341615,
            "tmax <= 18; | ": 0.006211180124223602
        }
    },

    "tmin": {
        "tmin <= 18; | ": {
            "tmin <= 18; | ": 0.9744318181818182,
            "18 < tmin <= 25; | ": 0.02556818181818182
        },
        "18 < tmin <= 25; | ": {
            "tmin <= 18; | ": 0.6153846153846154,
            "18 < tmin <= 25; | ": 0.38461538461538464
        },
        "25 < tmin; | ": {
            "this has never happened and would be a serious climate anomaly": 1.0
        }
    },

    "wspd": {
        "wspd == 0; | ": {
            "this has never happened and would be a serious climate anomaly": 1.0
        },
        "0 < wspd <= 5; | ": {
            "0 < wspd <= 5; | ": 0.45454545454545453,
            "5 < wspd <= 10; | ": 0.3776223776223776,
            "10 < wspd; | ": 0.16783216783216784
        },
        "5 < wspd <= 10; | ": {
            "5 < wspd <= 10; | ": 0.5421052631578948,
            "0 < wspd <= 5; | ": 0.13157894736842105,
            "10 < wspd; | ": 0.3263157894736842
        },
        "10 < wspd; | ": {
            "10 < wspd; | ": 0.7202797202797203,
            "5 < wspd <= 10; | ": 0.2517482517482518,
            "0 < wspd <= 5; | ": 0.027972027972027972
        }
    }
}

