{
    "tavg <= 18; 18 < tmax <= 25; ": {
        "tavg <= 18; tmax <= 18; ": 0.14705882352941177,
        "tavg <= 18; 18 < tmax <= 25; ": 0.7005347593582888,
        "18 < tavg <= 25; 25 < tmax; ": 0.07219251336898395,
        "tavg <= 18; 25 < tmax; ": 0.0374331550802139,
        "18 < tavg <= 25; 18 < tmax <= 25; ": 0.0427807486631016
    },
    "tavg <= 18; tmax <= 18; ": {
        "tavg <= 18; tmax <= 18; ": 0.7457044673539519,
        "tavg <= 18; 18 < tmax <= 25; ": 0.2268041237113402,
        "18 < tavg <= 25; 18 < tmax <= 25; ": 0.027491408934707903
    },
    "18 < tavg <= 25; 18 < tmax <= 25; ": {
        "tavg <= 18; 18 < tmax <= 25; ": 0.17592592592592593,
        "18 < tavg <= 25; 18 < tmax <= 25; ": 0.3055555555555556,
        "18 < tavg <= 25; 25 < tmax; ": 0.4537037037037037,
        "tavg <= 18; tmax <= 18; ": 0.05555555555555555,
        "tavg <= 18; 25 < tmax; ": 0.009259259259259259
    },
    "tavg <= 18; 25 < tmax; ": {
        "tavg <= 18; 18 < tmax <= 25; ": 0.5238095238095238,
        "tavg <= 18; 25 < tmax; ": 0.19047619047619047,
        "18 < tavg <= 25; 25 < tmax; ": 0.19047619047619047,
        "tavg <= 18; tmax <= 18; ": 0.09523809523809523
    },
    "18 < tavg <= 25; 25 < tmax; ": {
        "tavg <= 18; 18 < tmax <= 25; ": 0.11827956989247312,
        "18 < tavg <= 25; 25 < tmax; ": 0.6738351254480287,
        "18 < tavg <= 25; 18 < tmax <= 25; ": 0.14695340501792115,
        "25 < tavg; 25 < tmax; ": 0.05734767025089606,
        "tavg <= 18; 25 < tmax; ": 0.0035842293906810036
    },
    "25 < tavg; 25 < tmax; ": {
        "18 < tavg <= 25; 25 < tmax; ": 0.5,
        "25 < tavg; 25 < tmax; ": 0.45454545454545453,
        "18 < tavg <= 25; 18 < tmax <= 25; ": 0.045454545454545456
    }
}