{
    "tavg <= 18; 18 < tmax <= 25; prcp == 0; | ": {
        "tavg <= 18; tmax <= 18; prcp == 0; | ": 0.1335149863760218,
        "tavg <= 18; 18 < tmax <= 25; prcp == 0; | ": 0.6893732970027248,
        "18 < tavg <= 25; 25 < tmax; prcp == 0; | ": 0.07356948228882834,
        "tavg <= 18; 25 < tmax; prcp == 0; | ": 0.03814713896457766,
        "18 < tavg <= 25; 18 < tmax <= 25; prcp == 0; | ": 0.043596730245231606,
        "tavg <= 18; tmax <= 18; 10 < prcp; | ": 0.005449591280653951,
        "tavg <= 18; 18 < tmax <= 25; 0 < prcp <= 5; | ": 0.010899182561307902,
        "tavg <= 18; tmax <= 18; 5 < prcp <= 10; | ": 0.0027247956403269754,
        "tavg <= 18; tmax <= 18; 0 < prcp <= 5; | ": 0.0027247956403269754
    },
    "tavg <= 18; tmax <= 18; prcp == 0; | ": {
        "tavg <= 18; tmax <= 18; prcp == 0; | ": 0.6884615384615385,
        "tavg <= 18; 18 < tmax <= 25; prcp == 0; | ": 0.2230769230769231,
        "tavg <= 18; 18 < tmax <= 25; 0 < prcp <= 5; | ": 0.011538461538461539,
        "tavg <= 18; tmax <= 18; 10 < prcp; | ": 0.011538461538461539,
        "18 < tavg <= 25; 18 < tmax <= 25; prcp == 0; | ": 0.03076923076923077,
        "tavg <= 18; tmax <= 18; 5 < prcp <= 10; | ": 0.015384615384615385,
        "tavg <= 18; tmax <= 18; 0 < prcp <= 5; | ": 0.019230769230769232
    },
    "18 < tavg <= 25; 18 < tmax <= 25; prcp == 0; | ": {
        "tavg <= 18; 18 < tmax <= 25; prcp == 0; | ": 0.17592592592592593,
        "18 < tavg <= 25; 18 < tmax <= 25; prcp == 0; | ": 0.2962962962962963,
        "18 < tavg <= 25; 25 < tmax; prcp == 0; | ": 0.4444444444444444,
        "tavg <= 18; tmax <= 18; prcp == 0; | ": 0.046296296296296294,
        "tavg <= 18; 25 < tmax; prcp == 0; | ": 0.009259259259259259,
        "tavg <= 18; tmax <= 18; 0 < prcp <= 5; | ": 0.009259259259259259,
        "18 < tavg <= 25; 25 < tmax; 0 < prcp <= 5; | ": 0.009259259259259259,
        "18 < tavg <= 25; 18 < tmax <= 25; 10 < prcp; | ": 0.009259259259259259
    },
    "tavg <= 18; 25 < tmax; prcp == 0; | ": {
        "tavg <= 18; 18 < tmax <= 25; prcp == 0; | ": 0.5238095238095238,
        "tavg <= 18; 25 < tmax; prcp == 0; | ": 0.19047619047619047,
        "18 < tavg <= 25; 25 < tmax; prcp == 0; | ": 0.19047619047619047,
        "tavg <= 18; tmax <= 18; prcp == 0; | ": 0.09523809523809523
    },
    "tavg <= 18; tmax <= 18; 0 < prcp <= 5; | ": {
        "tavg <= 18; tmax <= 18; prcp == 0; | ": 0.5238095238095238,
        "tavg <= 18; 18 < tmax <= 25; prcp == 0; | ": 0.23809523809523808,
        "tavg <= 18; tmax <= 18; 0 < prcp <= 5; | ": 0.23809523809523808
    },
    "18 < tavg <= 25; 25 < tmax; prcp == 0; | ": {
        "tavg <= 18; 18 < tmax <= 25; prcp == 0; | ": 0.11469534050179211,
        "18 < tavg <= 25; 25 < tmax; prcp == 0; | ": 0.6738351254480287,
        "18 < tavg <= 25; 18 < tmax <= 25; prcp == 0; | ": 0.14695340501792115,
        "25 < tavg; 25 < tmax; prcp == 0; | ": 0.05734767025089606,
        "tavg <= 18; 18 < tmax <= 25; 0 < prcp <= 5; | ": 0.0035842293906810036,
        "tavg <= 18; 25 < tmax; prcp == 0; | ": 0.0035842293906810036
    },
    "25 < tavg; 25 < tmax; prcp == 0; | ": {
        "18 < tavg <= 25; 25 < tmax; prcp == 0; | ": 0.5,
        "25 < tavg; 25 < tmax; prcp == 0; | ": 0.45454545454545453,
        "18 < tavg <= 25; 18 < tmax <= 25; prcp == 0; | ": 0.045454545454545456
    },
    "tavg <= 18; tmax <= 18; 10 < prcp; | ": {
        "tavg <= 18; tmax <= 18; prcp == 0; | ": 0.25,
        "tavg <= 18; tmax <= 18; 0 < prcp <= 5; | ": 0.375,
        "tavg <= 18; tmax <= 18; 10 < prcp; | ": 0.375
    },
    "tavg <= 18; 18 < tmax <= 25; 0 < prcp <= 5; | ": {
        "tavg <= 18; tmax <= 18; prcp == 0; | ": 0.2,
        "tavg <= 18; 18 < tmax <= 25; prcp == 0; | ": 0.6,
        "tavg <= 18; tmax <= 18; 10 < prcp; | ": 0.2
    },
    "tavg <= 18; tmax <= 18; 5 < prcp <= 10; | ": {
        "tavg <= 18; tmax <= 18; prcp == 0; | ": 0.5,
        "tavg <= 18; tmax <= 18; 10 < prcp; | ": 0.5
    },
    "tavg <= 18; 18 < tmax <= 25; 5 < prcp <= 10; | ": {
        "tavg <= 18; 18 < tmax <= 25; prcp == 0; | ": 1.0
    },
    "tavg <= 18; 18 < tmax <= 25; 10 < prcp; | ": {
        "tavg <= 18; 18 < tmax <= 25; prcp == 0; | ": 1.0
    }
}