{
    "tavg <= 18; 18 < tmax <= 25; tmin <= 18; prcp == 0; wspd <= 5; ": {
        "tavg <= 18; tmax <= 18; tmin <= 18; prcp == 0; wspd <= 5; ": 0.10526315789473684,
        "tavg <= 18; 18 < tmax <= 25; tmin <= 18; prcp == 0; wspd <= 5; ": 0.47368421052631576,
        "tavg <= 18; tmax <= 18; tmin <= 18; prcp == 0; 5 < wspd <= 10; ": 0.07017543859649122,
        "tavg <= 18; 18 < tmax <= 25; tmin <= 18; prcp == 0; 5 < wspd <= 10; ": 0.22807017543859648,
        "tavg <= 18; tmax <= 18; tmin <= 18; 10 < prcp; 10 < wspd; ": 0.017543859649122806,
        "tavg <= 18; 18 < tmax <= 25; tmin <= 18; prcp == 0; 10 < wspd; ": 0.07017543859649122,
        "tavg <= 18; 25 < tmax; tmin <= 18; prcp == 0; wspd <= 5; ": 0.017543859649122806,
        "tavg <= 18; 18 < tmax <= 25; tmin <= 18; 0 < prcp <= 5; 5 < wspd <= 10; ": 0.017543859649122806
    },
    "tavg <= 18; tmax <= 18; tmin <= 18; prcp == 0; 5 < wspd <= 10; ": {
        "tavg <= 18; tmax <= 18; tmin <= 18; prcp == 0; 5 < wspd <= 10; ": 0.4111111111111111,
        "tavg <= 18; tmax <= 18; tmin <= 18; prcp == 0; 10 < wspd; ": 0.16666666666666666,
        "tavg <= 18; 18 < tmax <= 25; tmin <= 18; prcp == 0; wspd <= 5; ": 0.044444444444444446,
        "tavg <= 18; tmax <= 18; tmin <= 18; prcp == 0; wspd <= 5; ": 0.16666666666666666,
        "tavg <= 18; 18 < tmax <= 25; tmin <= 18; prcp == 0; 5 < wspd <= 10; ": 0.07777777777777778,
        "18 < tavg <= 25; 18 < tmax <= 25; 18 < tmin; prcp == 0; wspd <= 5; ": 0.03333333333333333,
        "tavg <= 18; 18 < tmax <= 25; tmin <= 18; prcp == 0; 10 < wspd; ": 0.044444444444444446,
        "18 < tavg <= 25; 18 < tmax <= 25; 18 < tmin; prcp == 0; 10 < wspd; ": 0.011111111111111112,
        "tavg <= 18; tmax <= 18; tmin <= 18; 5 < prcp <= 10; 10 < wspd; ": 0.022222222222222223,
        "tavg <= 18; 18 < tmax <= 25; tmin <= 18; 0 < prcp <= 5; 5 < wspd <= 10; ": 0.011111111111111112,
        "tavg <= 18; tmax <= 18; tmin <= 18; 0 < prcp <= 5; 10 < wspd; ": 0.011111111111111112
    },
    "tavg <= 18; tmax <= 18; tmin <= 18; prcp == 0; wspd <= 5; ": {
        "tavg <= 18; tmax <= 18; tmin <= 18; prcp == 0; 5 < wspd <= 10; ": 0.26666666666666666,
        "tavg <= 18; tmax <= 18; tmin <= 18; prcp == 0; wspd <= 5; ": 0.25,
        "tavg <= 18; 18 < tmax <= 25; tmin <= 18; prcp == 0; wspd <= 5; ": 0.13333333333333333,
        "18 < tavg <= 25; 18 < tmax <= 25; tmin <= 18; prcp == 0; 5 < wspd <= 10; ": 0.016666666666666666,
        "tavg <= 18; tmax <= 18; tmin <= 18; prcp == 0; 10 < wspd; ": 0.11666666666666667,
        "tavg <= 18; 18 < tmax <= 25; tmin <= 18; prcp == 0; 5 < wspd <= 10; ": 0.11666666666666667,
        "tavg <= 18; 18 < tmax <= 25; tmin <= 18; prcp == 0; 10 < wspd; ": 0.03333333333333333,
        "18 < tavg <= 25; 18 < tmax <= 25; 18 < tmin; prcp == 0; wspd <= 5; ": 0.016666666666666666,
        "tavg <= 18; tmax <= 18; tmin <= 18; 0 < prcp <= 5; 5 < wspd <= 10; ": 0.016666666666666666,
        "tavg <= 18; tmax <= 18; tmin <= 18; 0 < prcp <= 5; 10 < wspd; ": 0.016666666666666666,
        "tavg <= 18; tmax <= 18; tmin <= 18; 5 < prcp <= 10; 10 < wspd; ": 0.016666666666666666
    },
    "tavg <= 18; 18 < tmax <= 25; tmin <= 18; prcp == 0; 5 < wspd <= 10; ": {
        "tavg <= 18; 18 < tmax <= 25; tmin <= 18; prcp == 0; wspd <= 5; ": 0.09558823529411764,
        "tavg <= 18; tmax <= 18; tmin <= 18; prcp == 0; wspd <= 5; ": 0.03676470588235294,
        "tavg <= 18; tmax <= 18; tmin <= 18; prcp == 0; 10 < wspd; ": 0.0661764705882353,
        "tavg <= 18; tmax <= 18; tmin <= 18; prcp == 0; 5 < wspd <= 10; ": 0.04411764705882353,
        "tavg <= 18; 18 < tmax <= 25; tmin <= 18; prcp == 0; 5 < wspd <= 10; ": 0.375,
        "tavg <= 18; 18 < tmax <= 25; tmin <= 18; prcp == 0; 10 < wspd; ": 0.23529411764705882,
        "18 < tavg <= 25; 25 < tmax; tmin <= 18; prcp == 0; 5 < wspd <= 10; ": 0.04411764705882353,
        "18 < tavg <= 25; 18 < tmax <= 25; 18 < tmin; prcp == 0; wspd <= 5; ": 0.022058823529411766,
        "tavg <= 18; 25 < tmax; tmin <= 18; prcp == 0; 5 < wspd <= 10; ": 0.022058823529411766,
        "tavg <= 18; 25 < tmax; tmin <= 18; prcp == 0; 10 < wspd; ": 0.007352941176470588,
        "18 < tavg <= 25; 18 < tmax <= 25; tmin <= 18; prcp == 0; 5 < wspd <= 10; ": 0.007352941176470588,
        "tavg <= 18; 18 < tmax <= 25; tmin <= 18; 0 < prcp <= 5; 10 < wspd; ": 0.014705882352941176,
        "18 < tavg <= 25; 25 < tmax; tmin <= 18; prcp == 0; wspd <= 5; ": 0.014705882352941176,
        "tavg <= 18; tmax <= 18; tmin <= 18; 0 < prcp <= 5; 5 < wspd <= 10; ": 0.007352941176470588,
        "18 < tavg <= 25; 25 < tmax; tmin <= 18; prcp == 0; 10 < wspd; ": 0.007352941176470588
    },
    "tavg <= 18; tmax <= 18; tmin <= 18; prcp == 0; 10 < wspd; ": {
        "tavg <= 18; tmax <= 18; tmin <= 18; prcp == 0; 10 < wspd; ": 0.37272727272727274,
        "tavg <= 18; 18 < tmax <= 25; tmin <= 18; prcp == 0; 5 < wspd <= 10; ": 0.09090909090909091,
        "tavg <= 18; 18 < tmax <= 25; tmin <= 18; prcp == 0; 10 < wspd; ": 0.14545454545454545,
        "tavg <= 18; 18 < tmax <= 25; tmin <= 18; 0 < prcp <= 5; 10 < wspd; ": 0.00909090909090909,
        "tavg <= 18; tmax <= 18; tmin <= 18; prcp == 0; 5 < wspd <= 10; ": 0.2636363636363636,
        "tavg <= 18; tmax <= 18; tmin <= 18; 10 < prcp; 10 < wspd; ": 0.01818181818181818,
        "tavg <= 18; tmax <= 18; tmin <= 18; prcp == 0; wspd <= 5; ": 0.03636363636363636,
        "tavg <= 18; 18 < tmax <= 25; tmin <= 18; 0 < prcp <= 5; 5 < wspd <= 10; ": 0.00909090909090909,
        "tavg <= 18; tmax <= 18; tmin <= 18; 5 < prcp <= 10; 10 < wspd; ": 0.00909090909090909,
        "tavg <= 18; tmax <= 18; tmin <= 18; 0 < prcp <= 5; 10 < wspd; ": 0.01818181818181818,
        "tavg <= 18; tmax <= 18; tmin <= 18; 10 < prcp; 5 < wspd <= 10; ": 0.00909090909090909,
        "18 < tavg <= 25; 18 < tmax <= 25; 18 < tmin; prcp == 0; wspd <= 5; ": 0.01818181818181818
    },
    "tavg <= 18; 18 < tmax <= 25; tmin <= 18; prcp == 0; 10 < wspd; ": {
        "tavg <= 18; 18 < tmax <= 25; tmin <= 18; prcp == 0; 10 < wspd; ": 0.4942528735632184,
        "tavg <= 18; 18 < tmax <= 25; tmin <= 18; prcp == 0; 5 < wspd <= 10; ": 0.14942528735632185,
        "18 < tavg <= 25; 25 < tmax; tmin <= 18; prcp == 0; 10 < wspd; ": 0.06321839080459771,
        "tavg <= 18; 25 < tmax; tmin <= 18; prcp == 0; 10 < wspd; ": 0.028735632183908046,
        "18 < tavg <= 25; 18 < tmax <= 25; tmin <= 18; prcp == 0; 10 < wspd; ": 0.05747126436781609,
        "18 < tavg <= 25; 18 < tmax <= 25; tmin <= 18; prcp == 0; 5 < wspd <= 10; ": 0.005747126436781609,
        "tavg <= 18; tmax <= 18; tmin <= 18; prcp == 0; 5 < wspd <= 10; ": 0.022988505747126436,
        "18 < tavg <= 25; 25 < tmax; tmin <= 18; prcp == 0; wspd <= 5; ": 0.005747126436781609,
        "tavg <= 18; tmax <= 18; tmin <= 18; prcp == 0; 10 < wspd; ": 0.08620689655172414,
        "18 < tavg <= 25; 25 < tmax; tmin <= 18; prcp == 0; 5 < wspd <= 10; ": 0.034482758620689655,
        "tavg <= 18; 25 < tmax; tmin <= 18; prcp == 0; 5 < wspd <= 10; ": 0.022988505747126436,
        "18 < tavg <= 25; 18 < tmax <= 25; 18 < tmin; prcp == 0; wspd <= 5; ": 0.005747126436781609,
        "tavg <= 18; tmax <= 18; tmin <= 18; 5 < prcp <= 10; 10 < wspd; ": 0.005747126436781609,
        "tavg <= 18; 18 < tmax <= 25; tmin <= 18; 0 < prcp <= 5; 10 < wspd; ": 0.005747126436781609,
        "tavg <= 18; 18 < tmax <= 25; tmin <= 18; prcp == 0; wspd <= 5; ": 0.005747126436781609,
        "tavg <= 18; tmax <= 18; tmin <= 18; 10 < prcp; 10 < wspd; ": 0.005747126436781609
    },
    "18 < tavg <= 25; 18 < tmax <= 25; 18 < tmin; prcp == 0; wspd <= 5; ": {
        "tavg <= 18; 18 < tmax <= 25; tmin <= 18; prcp == 0; 10 < wspd; ": 0.25,
        "tavg <= 18; tmax <= 18; tmin <= 18; prcp == 0; 5 < wspd <= 10; ": 0.25,