{
    "tavg <= 18; prcp == 0; 0 < wspd <= 5; | ": {
        "tavg <= 18; prcp == 0; 0 < wspd <= 5; | ": 0.475,
        "tavg <= 18; prcp == 0; 5 < wspd <= 10; | ": 0.35,
        "18 < tavg <= 25; prcp == 0; 5 < wspd <= 10; | ": 0.008333333333333333,
        "tavg <= 18; 10 < prcp; 10 < wspd; | ": 0.008333333333333333,
        "tavg <= 18; prcp == 0; 10 < wspd; | ": 0.11666666666666667,
        "18 < tavg <= 25; prcp == 0; 0 < wspd <= 5; | ": 0.008333333333333333,
        "tavg <= 18; 0 < prcp <= 5; 5 < wspd <= 10; | ": 0.016666666666666666,
        "tavg <= 18; 0 < prcp <= 5; 10 < wspd; | ": 0.008333333333333333,
        "tavg <= 18; 5 < prcp <= 10; 10 < wspd; | ": 0.008333333333333333
    },
    "tavg <= 18; prcp == 0; 5 < wspd <= 10; | ": {
        "tavg <= 18; prcp == 0; 5 < wspd <= 10; | ": 0.4583333333333333,
        "tavg <= 18; prcp == 0; 0 < wspd <= 5; | ": 0.1625,
        "tavg <= 18; prcp == 0; 10 < wspd; | ": 0.2708333333333333,
        "18 < tavg <= 25; prcp == 0; 5 < wspd <= 10; | ": 0.0375,
        "18 < tavg <= 25; prcp == 0; 0 < wspd <= 5; | ": 0.03333333333333333,
        "tavg <= 18; 0 < prcp <= 5; 10 < wspd; | ": 0.0125,
        "18 < tavg <= 25; prcp == 0; 10 < wspd; | ": 0.008333333333333333,
        "tavg <= 18; 5 < prcp <= 10; 10 < wspd; | ": 0.008333333333333333,
        "tavg <= 18; 0 < prcp <= 5; 5 < wspd <= 10; | ": 0.008333333333333333
    },
    "tavg <= 18; prcp == 0; 10 < wspd; | ": {
        "tavg <= 18; prcp == 0; 10 < wspd; | ": 0.5694444444444444,
        "tavg <= 18; prcp == 0; 5 < wspd <= 10; | ": 0.2569444444444444,
        "tavg <= 18; 0 < prcp <= 5; 10 < wspd; | ": 0.013888888888888888,
        "18 < tavg <= 25; prcp == 0; 10 < wspd; | ": 0.07291666666666667,
        "18 < tavg <= 25; prcp == 0; 5 < wspd <= 10; | ": 0.03125,
        "tavg <= 18; 10 < prcp; 10 < wspd; | ": 0.010416666666666666,
        "tavg <= 18; prcp == 0; 0 < wspd <= 5; | ": 0.017361111111111112,
        "tavg <= 18; 0 < prcp <= 5; 5 < wspd <= 10; | ": 0.003472222222222222,
        "18 < tavg <= 25; prcp == 0; 0 < wspd <= 5; | ": 0.013888888888888888,
        "tavg <= 18; 5 < prcp <= 10; 10 < wspd; | ": 0.006944444444444444,
        "tavg <= 18; 10 < prcp; 5 < wspd <= 10; | ": 0.003472222222222222
    },
    "18 < tavg <= 25; prcp == 0; 0 < wspd <= 5; | ": {
        "tavg <= 18; prcp == 0; 10 < wspd; | ": 0.21052631578947367,
        "18 < tavg <= 25; prcp == 0; 0 < wspd <= 5; | ": 0.2631578947368421,
        "tavg <= 18; prcp == 0; 5 < wspd <= 10; | ": 0.21052631578947367,
        "18 < tavg <= 25; prcp == 0; 10 < wspd; | ": 0.10526315789473684,
        "18 < tavg <= 25; prcp == 0; 5 < wspd <= 10; | ": 0.15789473684210525,
        "tavg <= 18; 0 < prcp <= 5; 10 < wspd; | ": 0.05263157894736842
    },
    "18 < tavg <= 25; prcp == 0; 10 < wspd; | ": {
        "tavg <= 18; prcp == 0; 5 < wspd <= 10; | ": 0.01195219123505976,
        "tavg <= 18; prcp == 0; 10 < wspd; | ": 0.10358565737051793,
        "18 < tavg <= 25; prcp == 0; 10 < wspd; | ": 0.6772908366533864,
        "18 < tavg <= 25; prcp == 0; 5 < wspd <= 10; | ": 0.17928286852589642,
        "tavg <= 18; prcp == 0; 0 < wspd <= 5; | ": 0.00398406374501992,
        "18 < tavg <= 25; prcp == 0; 0 < wspd <= 5; | ": 0.01195219123505976,
        "25 < tavg; prcp == 0; 5 < wspd <= 10; | ": 0.00398406374501992,
        "25 < tavg; prcp == 0; 10 < wspd; | ": 0.00398406374501992,
        "18 < tavg <= 25; 10 < prcp; 10 < wspd; | ": 0.00398406374501992
    },
    "tavg <= 18; 0 < prcp <= 5; 10 < wspd; | ": {
        "tavg <= 18; prcp == 0; 10 < wspd; | ": 0.35714285714285715,
        "tavg <= 18; prcp == 0; 5 < wspd <= 10; | ": 0.35714285714285715,
        "tavg <= 18; prcp == 0; 0 < wspd <= 5; | ": 0.07142857142857142,
        "tavg <= 18; 0 < prcp <= 5; 10 < wspd; | ": 0.14285714285714285,
        "tavg <= 18; 10 < prcp; 10 < wspd; | ": 0.07142857142857142
    },
    "18 < tavg <= 25; prcp == 0; 5 < wspd <= 10; | ": {
        "tavg <= 18; prcp == 0; 5 < wspd <= 10; | ": 0.09401709401709402,
        "18 < tavg <= 25; prcp == 0; 5 < wspd <= 10; | ": 0.42735042735042733,
        "18 < tavg <= 25; prcp == 0; 10 < wspd; | ": 0.2564102564102564,
        "tavg <= 18; prcp == 0; 10 < wspd; | ": 0.06837606837606838,
        "18 < tavg <= 25; prcp == 0; 0 < wspd <= 5; | ": 0.008547008547008548,
        "tavg <= 18; prcp == 0; 0 < wspd <= 5; | ": 0.008547008547008548,
        "25 < tavg; prcp == 0; 5 < wspd <= 10; | ": 0.08547008547008547,
        "25 < tavg; prcp == 0; 10 < wspd; | ": 0.02564102564102564,
        "25 < tavg; prcp == 0; 0 < wspd <= 5; | ": 0.008547008547008548,
        "tavg <= 18; 0 < prcp <= 5; 10 < wspd; | ": 0.008547008547008548,
        "18 < tavg <= 25; 0 < prcp <= 5; 10 < wspd; | ": 0.008547008547008548
    },
    "25 < tavg; prcp == 0; 5 < wspd <= 10; | ": {
        "18 < tavg <= 25; prcp == 0; 5 < wspd <= 10; | ": 0.23076923076923078,
        "25 < tavg; prcp == 0; 5 < wspd <= 10; | ": 0.46153846153846156,
        "18 < tavg <= 25; prcp == 0; 10 < wspd; | ": 0.15384615384615385,
        "25 < tavg; prcp == 0; 10 < wspd; | ": 0.15384615384615385
    },
    "25 < tavg; prcp == 0; 10 < wspd; | ": {
        "18 < tavg <= 25; prcp == 0; 10 < wspd; | ": 0.6666666666666666,
        "25 < tavg; prcp == 0; 10 < wspd; | ": 0.1111111111111111,
        "18 < tavg <= 25; prcp == 0; 0 < wspd <= 5; | ": 0.1111111111111111,
        "25 < tavg; prcp == 0; 5 < wspd <= 10; | ": 0.1111111111111111
    },
    "tavg <= 18; 0 < prcp <= 5; 0 < wspd <= 5; | ": {
        "tavg <= 18; prcp == 0; 5 < wspd <= 10; | ": 0.25,
        "tavg <= 18; 0 < prcp <= 5; 0 < wspd <= 5; | ": 0.25,
        "tavg <= 18; 0 < prcp <= 5; 5 < wspd <= 10; | ": 0.25,
        "tavg <= 18; prcp == 0; 0 < wspd <= 5; | ": 0.25
    },
    "tavg <= 18; 10 < prcp; 5 < wspd <= 10; | ": {
        "tavg <= 18; prcp == 0; 10 < wspd; | ": 1.0
    },
    "tavg <= 18; 0 < prcp <= 5; 5 < wspd <= 10; | ": {
        "tavg <= 18; prcp == 0; 5 < wspd <= 10; | ": 0.5,
        "tavg <= 18; prcp == 0; 10 < wspd; | ": 0.375,
        "tavg <= 18; 0 < prcp <= 5; 10 < wspd; | ": 0.125
    },
    "tavg <= 18; 5 < prcp <= 10; 5 < wspd <= 10; | ": {
        "tavg <= 18; prcp == 0; 5 < wspd <= 10; | ": 1.0
    },
    "tavg <= 18; 10 < prcp; 10 < wspd; | ": {
        "tavg <= 18; 0 < prcp <= 5; 5 < wspd <= 10; | ": 0.25,
        "tavg <= 18; prcp == 0; 5 < wspd <= 10; | ": 0.125,
        "tavg <= 18; 10 < prcp; 10 < wspd; | ": 0.375,
        "tavg <= 18; 0 < prcp <= 5; 10 < wspd; | ": 0.125,
        "tavg <= 18; prcp == 0; 0 < wspd <= 5; | ": 0.125
    },
    "tavg <= 18; 5 < prcp <= 10; 10 < wspd; | ": {
        "tavg <= 18; prcp == 0; 5 < wspd <= 10; | ": 0.5,
        "tavg <= 18; 10 < prcp; 10 < wspd; | ": 0.5
    }
}