{
    "tavg <= 18; 18 < tmax <= 25; tmin <= 18; prcp == 0; ": {
        "tavg <= 18; tmax <= 18; tmin <= 18; prcp == 0; ": 0.1335149863760218,
        "tavg <= 18; 18 < tmax <= 25; tmin <= 18; prcp == 0; ": 0.6893732970027248,
        "18 < tavg <= 25; 25 < tmax; tmin <= 18; prcp == 0; ": 0.07356948228882834,
        "tavg <= 18; 25 < tmax; tmin <= 18; prcp == 0; ": 0.03814713896457766,
        "18 < tavg <= 25; 18 < tmax <= 25; tmin <= 18; prcp == 0; ": 0.0326975476839237,
        "18 < tavg <= 25; 18 < tmax <= 25; 18 < tmin; prcp == 0; ": 0.010899182561307902,
        "tavg <= 18; tmax <= 18; tmin <= 18; 10 < prcp; ": 0.005449591280653951,
        "tavg <= 18; 18 < tmax <= 25; tmin <= 18; 0 < prcp <= 5; ": 0.010899182561307902,
        "tavg <= 18; tmax <= 18; tmin <= 18; 5 < prcp <= 10; ": 0.0027247956403269754,
        "tavg <= 18; tmax <= 18; tmin <= 18; 0 < prcp <= 5; ": 0.0027247956403269754
    },
    "tavg <= 18; tmax <= 18; tmin <= 18; prcp == 0; ": {
        "tavg <= 18; tmax <= 18; tmin <= 18; prcp == 0; ": 0.6884615384615385,
        "tavg <= 18; 18 < tmax <= 25; tmin <= 18; prcp == 0; ": 0.2230769230769231,
        "tavg <= 18; 18 < tmax <= 25; tmin <= 18; 0 < prcp <= 5; ": 0.011538461538461539,
        "tavg <= 18; tmax <= 18; tmin <= 18; 10 < prcp; ": 0.011538461538461539,
        "18 < tavg <= 25; 18 < tmax <= 25; tmin <= 18; prcp == 0; ": 0.0038461538461538464,
        "18 < tavg <= 25; 18 < tmax <= 25; 18 < tmin; prcp == 0; ": 0.026923076923076925,
        "tavg <= 18; tmax <= 18; tmin <= 18; 5 < prcp <= 10; ": 0.015384615384615385,
        "tavg <= 18; tmax <= 18; tmin <= 18; 0 < prcp <= 5; ": 0.019230769230769232
    },
    "18 < tavg <= 25; 18 < tmax <= 25; 18 < tmin; prcp == 0; ": {
        "tavg <= 18; 18 < tmax <= 25; tmin <= 18; prcp == 0; ": 0.2222222222222222,
        "tavg <= 18; tmax <= 18; tmin <= 18; prcp == 0; ": 0.4444444444444444,
        "18 < tavg <= 25; 25 < tmax; tmin <= 18; prcp == 0; ": 0.1111111111111111,
        "18 < tavg <= 25; 25 < tmax; 18 < tmin; prcp == 0; ": 0.1111111111111111,
        "tavg <= 18; tmax <= 18; tmin <= 18; 0 < prcp <= 5; ": 0.1111111111111111
    },
    "18 < tavg <= 25; 18 < tmax <= 25; tmin <= 18; prcp == 0; ": {
        "tavg <= 18; 18 < tmax <= 25; tmin <= 18; prcp == 0; ": 0.1717171717171717,
        "18 < tavg <= 25; 18 < tmax <= 25; tmin <= 18; prcp == 0; ": 0.32323232323232326,
        "18 < tavg <= 25; 25 < tmax; tmin <= 18; prcp == 0; ": 0.46464646464646464,
        "tavg <= 18; 25 < tmax; tmin <= 18; prcp == 0; ": 0.010101010101010102,
        "tavg <= 18; tmax <= 18; tmin <= 18; prcp == 0; ": 0.010101010101010102,
        "18 < tavg <= 25; 25 < tmax; 18 < tmin; 0 < prcp <= 5; ": 0.010101010101010102,
        "18 < tavg <= 25; 18 < tmax <= 25; tmin <= 18; 10 < prcp; ": 0.010101010101010102
    },
    "tavg <= 18; 25 < tmax; tmin <= 18; prcp == 0; ": {
        "tavg <= 18; 18 < tmax <= 25; tmin <= 18; prcp == 0; ": 0.5238095238095238,
        "tavg <= 18; 25 < tmax; tmin <= 18; prcp == 0; ": 0.19047619047619047,
        "18 < tavg <= 25; 25 < tmax; tmin <= 18; prcp == 0; ": 0.19047619047619047,
        "tavg <= 18; tmax <= 18; tmin <= 18; prcp == 0; ": 0.09523809523809523
    },
    "tavg <= 18; tmax <= 18; tmin <= 18; 0 < prcp <= 5; ": {
        "tavg <= 18; tmax <= 18; tmin <= 18; prcp == 0; ": 0.5238095238095238,
        "tavg <= 18; 18 < tmax <= 25; tmin <= 18; prcp == 0; ": 0.23809523809523808,
        "tavg <= 18; tmax <= 18; tmin <= 18; 0 < prcp <= 5; ": 0.23809523809523808
    },
    "18 < tavg <= 25; 25 < tmax; tmin <= 18; prcp == 0; ": {
        "tavg <= 18; 18 < tmax <= 25; tmin <= 18; prcp == 0; ": 0.1198501872659176,
        "18 < tavg <= 25; 25 < tmax; tmin <= 18; prcp == 0; ": 0.6666666666666666,
        "18 < tavg <= 25; 18 < tmax <= 25; tmin <= 18; prcp == 0; ": 0.12734082397003746,
        "18 < tavg <= 25; 25 < tmax; 18 < tmin; prcp == 0; ": 0.0149812734082397,
        "25 < tavg; 25 < tmax; tmin <= 18; prcp == 0; ": 0.0299625468164794,
        "25 < tavg; 25 < tmax; 18 < tmin; prcp == 0; ": 0.0299625468164794,
        "18 < tavg <= 25; 18 < tmax <= 25; 18 < tmin; prcp == 0; ": 0.003745318352059925,
        "tavg <= 18; 18 < tmax <= 25; tmin <= 18; 0 < prcp <= 5; ": 0.003745318352059925,
        "tavg <= 18; 25 < tmax; tmin <= 18; prcp == 0; ": 0.003745318352059925
    },
    "18 < tavg <= 25; 25 < tmax; 18 < tmin; prcp == 0; ": {
        "18 < tavg <= 25; 18 < tmax <= 25; tmin <= 18; prcp == 0; ": 0.5,
        "18 < tavg <= 25; 25 < tmax; 18 < tmin; prcp == 0; ": 0.16666666666666666,
        "18 < tavg <= 25; 25 < tmax; tmin <= 18; prcp == 0; ": 0.3333333333333333
    },
    "25 < tavg; 25 < tmax; 18 < tmin; prcp == 0; ": {
        "18 < tavg <= 25; 25 < tmax; tmin <= 18; prcp == 0; ": 0.2777777777777778,
        "18 < tavg <= 25; 25 < tmax; 18 < tmin; prcp == 0; ": 0.16666666666666666,
        "25 < tavg; 25 < tmax; 18 < tmin; prcp == 0; ": 0.5,
        "18 < tavg <= 25; 18 < tmax <= 25; tmin <= 18; prcp == 0; ": 0.05555555555555555
    },
    "25 < tavg; 25 < tmax; tmin <= 18; prcp == 0; ": {
        "18 < tavg <= 25; 25 < tmax; tmin <= 18; prcp == 0; ": 0.5,
        "25 < tavg; 25 < tmax; 18 < tmin; prcp == 0; ": 0.25,
        "18 < tavg <= 25; 25 < tmax; 18 < tmin; prcp == 0; ": 0.25
    },
    "tavg <= 18; tmax <= 18; tmin <= 18; 10 < prcp; ": {
        "tavg <= 18; tmax <= 18; tmin <= 18; prcp == 0; ": 0.25,
        "tavg <= 18; tmax <= 18; tmin <= 18; 0 < prcp <= 5; ": 0.375,
        "tavg <= 18; tmax <= 18; tmin <= 18; 10 < prcp; ": 0.375
    },
    "tavg <= 18; 18 < tmax <= 25; tmin <= 18; 0 < prcp <= 5; ": {
        "tavg <= 18; tmax <= 18; tmin <= 18; prcp == 0; ": 0.2,
        "tavg <= 18; 18 < tmax <= 25; tmin <= 18; prcp == 0; ": 0.6,
        "tavg <= 18; tmax <= 18; tmin <= 18; 10 < prcp; ": 0.2
    },
    "tavg <= 18; tmax <= 18; tmin <= 18; 5 < prcp <= 10; ": {
        "tavg <= 18; tmax <= 18; tmin <= 18; prcp == 0; ": 0.5,
        "tavg <= 18; tmax <= 18; tmin <= 18; 10 < prcp; ": 0.5
    },
    "tavg <= 18; 18 < tmax <= 25; tmin <= 18; 5 < prcp <= 10; ": {
        "tavg <= 18; 18 < tmax <= 25; tmin <= 18; prcp == 0; ": 1.0
    },
    "tavg <= 18; 18 < tmax <= 25; tmin <= 18; 10 < prcp; ": {
        "tavg <= 18; 18 < tmax <= 25; tmin <= 18; prcp == 0; ": 1.0
    }
}